{
    "bluelighttickets": {
        "URL_BASE": "https://bluelighttickets.co.uk",
        "FIRST_PAGE_REL_PATH": "/event/all/",
        "PAGE_QUERY_REL_PATH": "/event/all/",
        "LAST_PAGE_ELEMENT_SEL": "a.page-link",
        "LAST_PAGE_TEXT_PAT": "all/(\\d+)",
        "EVENT_CARD_SEL": "#events .col-lg-4"
    },
    "ticketsforgood": {
        "URL_BASE": "https://nhs.ticketsforgood.co.uk",
        "FIRST_PAGE_REL_PATH": "",
        "PAGE_QUERY_REL_PATH": "/?page=",
        "LAST_PAGE_ELEMENT_SEL": "li.page-item a",
        "LAST_PAGE_TEXT_PAT": "(\\d+)",
        "EVENT_CARD_SEL": "div[class*='event_card']"
    },
    "concertsforcarers": {
        "URL_BASE": "https://www.concertsforcarers.org.uk",
        "FIRST_PAGE_REL_PATH": "/events/",
        "PAGE_QUERY_REL_PATH": "/events/",
        "LAST_PAGE_ELEMENT_SEL": "",
        "LAST_PAGE_TEXT_PAT": "",
        "EVENT_CARD_SEL": "li.event"
    }
}